<?xml version="1.0"?>

<extension>
	<name>PLUGIN_FILTERMUSIC</name>
	<module>Plugins::FilterMusic::Plugin</module>
	<version>0.2</version>
	<description>PLUGIN_FILTERMUSIC_DESC</description>
	<creator>Denny Schanze</creator>
	<defaultState>enabled</defaultState>
	<homepageURL>http://code.google.com/p/filtermusic/</homepageURL>
	<icon>plugins/FilterMusic/html/images/fm.png</icon>
	<targetApplication>
		<id>SlimServer</id>
		<minVersion>7.6</minVersion>
        <maxVersion>7.*</maxVersion>
	</targetApplication>
</extension>
